,ds,trend,yhat_lower,yhat_upper,trend_lower,trend_upper,additive_terms,additive_terms_lower,additive_terms_upper,yearly,yearly_lower,yearly_upper,multiplicative_terms,multiplicative_terms_lower,multiplicative_terms_upper,yhat
0,2001-01-31,311970996.0257074,315571743.4064738,338192074.6419284,311970996.0257074,311970996.0257074,14994642.738968598,14994642.738968598,14994642.738968598,14994642.738968598,14994642.738968598,14994642.738968598,0.0,0.0,0.0,326965638.76467603
1,2001-02-28,312370244.7800243,274182940.15456283,297318204.3336855,312370244.7800243,312370244.7800243,-26771842.737686705,-26771842.737686705,-26771842.737686705,-26771842.737686705,-26771842.737686705,-26771842.737686705,0.0,0.0,0.0,285598402.0423376
2,2001-03-31,312812270.1865894,279475667.1078497,301178441.1742322,312812270.1865894,312812270.1865894,-22433474.54741365,-22433474.54741365,-22433474.54741365,-22433474.54741365,-22433474.54741365,-22433474.54741365,0.0,0.0,0.0,290378795.6391758
3,2001-04-30,313240036.70907176,258997001.33478644,281349038.63677907,313240036.70907176,313240036.70907176,-43410891.50623173,-43410891.50623173,-43410891.50623173,-43410891.50623173,-43410891.50623173,-43410891.50623173,0.0,0.0,0.0,269829145.20284003
4,2001-05-31,313682062.1156369,287810995.4362216,310732050.3530813,313682062.1156369,313682062.1156369,-14820608.855379924,-14820608.855379924,-14820608.855379924,-14820608.855379924,-14820608.855379924,-14820608.855379924,0.0,0.0,0.0,298861453.26025695
5,2001-06-30,314109828.6381192,325708854.3708529,347556208.6758637,314109828.6381192,314109828.6381192,22860782.628647655,22860782.628647655,22860782.628647655,22860782.628647655,22860782.628647655,22860782.628647655,0.0,0.0,0.0,336970611.2667669
6,2001-07-31,314551854.04468435,365891187.4246277,388782798.34154105,314551854.04468435,314551854.04468435,62890825.45018956,62890825.45018956,62890825.45018956,62890825.45018956,62890825.45018956,62890825.45018956,0.0,0.0,0.0,377442679.4948739
7,2001-08-31,314993879.4512494,360769282.5171973,384527850.6241122,314993879.4512494,314993879.4512494,57917918.21811766,57917918.21811766,57917918.21811766,57917918.21811766,57917918.21811766,57917918.21811766,0.0,0.0,0.0,372911797.6693671
8,2001-09-30,315421645.97373176,306462087.7002698,328876110.3322135,315421645.97373176,315421645.97373176,2134739.0445403103,2134739.0445403103,2134739.0445403103,2134739.0445403103,2134739.0445403103,2134739.0445403103,0.0,0.0,0.0,317556385.01827204
9,2001-10-31,315863671.38029695,280659182.347345,303249590.83546096,315863671.38029695,315863671.38029695,-23618775.29845181,-23618775.29845181,-23618775.29845181,-23618775.29845181,-23618775.29845181,-23618775.29845181,0.0,0.0,0.0,292244896.08184516
10,2001-11-30,316291437.88691777,272130837.78118026,294597095.5102365,316291437.88691777,316291437.88691777,-32140834.187130865,-32140834.187130865,-32140834.187130865,-32140834.187130865,-32140834.187130865,-32140834.187130865,0.0,0.0,0.0,284150603.6997869
11,2001-12-31,316733463.2770927,308753714.17349523,331474208.1277408,316733463.2770927,316733463.2770927,3720313.4254837143,3720313.4254837143,3720313.4254837143,3720313.4254837143,3720313.4254837143,3720313.4254837143,0.0,0.0,0.0,320453776.7025764
12,2002-01-31,317175488.66726756,320134240.90771574,343164543.1444665,317175488.66726756,317175488.66726756,14700239.732097823,14700239.732097823,14700239.732097823,14700239.732097823,14700239.732097823,14700239.732097823,0.0,0.0,0.0,331875728.39936537
13,2002-02-28,317574737.40678036,280379500.36041945,301883782.2796011,317574737.40678036,317574737.40678036,-26665682.145329125,-26665682.145329125,-26665682.145329125,-26665682.145329125,-26665682.145329125,-26665682.145329125,0.0,0.0,0.0,290909055.26145124
14,2002-03-31,318016762.7969552,286388405.7422369,309401968.76373965,318016762.7969552,318016762.7969552,-20197506.375419654,-20197506.375419654,-20197506.375419654,-20197506.375419654,-20197506.375419654,-20197506.375419654,0.0,0.0,0.0,297819256.42153555
15,2002-04-30,318444529.3035761,263349053.70018497,286976382.52750826,318444529.3035761,318444529.3035761,-43030312.72980274,-43030312.72980274,-43030312.72980274,-43030312.72980274,-43030312.72980274,-43030312.72980274,0.0,0.0,0.0,275414216.5737734
16,2002-05-31,318886554.693751,292545436.5937653,315552721.0309124,318886554.693751,318886554.693751,-15120964.101539101,-15120964.101539101,-15120964.101539101,-15120964.101539101,-15120964.101539101,-15120964.101539101,0.0,0.0,0.0,303765590.5922119
17,2002-06-30,319314321.20037186,328615391.4768232,350812503.5112333,319314321.20037186,319314321.20037186,20022210.148588236,20022210.148588236,20022210.148588236,20022210.148588236,20022210.148588236,20022210.148588236,0.0,0.0,0.0,339336531.3489601
18,2002-07-31,319756346.5905467,369773233.6047072,392812993.9267653,319756346.5905467,319756346.5905467,61929737.50251619,61929737.50251619,61929737.50251619,61929737.50251619,61929737.50251619,61929737.50251619,0.0,0.0,0.0,381686084.09306294
19,2002-08-31,320198371.97983456,368421888.15100545,390915447.23633385,320198371.97983456,320198371.97983456,59825355.35570852,59825355.35570852,59825355.35570852,59825355.35570852,59825355.35570852,59825355.35570852,0.0,0.0,0.0,380023727.3355431
20,2002-09-30,320626138.48559695,313131163.78182364,335619056.4918055,320626138.48559695,320626138.48559695,3656715.5683427854,3656715.5683427854,3656715.5683427854,3656715.5683427854,3656715.5683427854,3656715.5683427854,0.0,0.0,0.0,324282854.05393976
21,2002-10-31,321068163.87488484,286617191.92494,309033652.92010397,321068163.87488484,321068163.87488484,-23891172.75449055,-23891172.75449055,-23891172.75449055,-23891172.75449055,-23891172.75449055,-23891172.75449055,0.0,0.0,0.0,297176991.1203943
22,2002-11-30,321495930.38064724,278370566.0961551,302179233.0564611,321495930.38064724,321495930.38064724,-31185030.57250733,-31185030.57250733,-31185030.57250733,-31185030.57250733,-31185030.57250733,-31185030.57250733,0.0,0.0,0.0,290310899.8081399
23,2002-12-31,321937955.76993513,312801310.50493175,334696829.0572045,321937955.76993513,321937955.76993513,1226662.3469104709,1226662.3469104709,1226662.3469104709,1226662.3469104709,1226662.3469104709,1226662.3469104709,0.0,0.0,0.0,323164618.1168456
24,2003-01-31,322379981.15922296,324906355.9718744,348641180.2597935,322379981.15922296,322379981.15922296,14429293.31661432,14429293.31661432,14429293.31661432,14429293.31661432,14429293.31661432,14429293.31661432,0.0,0.0,0.0,336809274.4758373
25,2003-02-28,322779229.89793456,285049413.5521299,307424131.99318165,322779229.89793456,322779229.89793456,-26506028.108609058,-26506028.108609058,-26506028.108609058,-26506028.108609058,-26506028.108609058,-26506028.108609058,0.0,0.0,0.0,296273201.7893255
26,2003-03-31,323221255.2872224,293935817.39882714,317035143.31198055,323221255.2872224,323221255.2872224,-17959398.229401696,-17959398.229401696,-17959398.229401696,-17959398.229401696,-17959398.229401696,-17959398.229401696,0.0,0.0,0.0,305261857.0578207
27,2003-04-30,323649021.7929848,269257079.3994078,293283535.5285636,323649021.7929848,323649021.7929848,-42689779.563475914,-42689779.563475914,-42689779.563475914,-42689779.563475914,-42689779.563475914,-42689779.563475914,0.0,0.0,0.0,280959242.2295089
28,2003-05-31,324091047.1111564,297173307.8638573,320834401.51408994,324091047.1111564,324091047.1111564,-15476227.556947315,-15476227.556947315,-15476227.556947315,-15476227.556947315,-15476227.556947315,-15476227.556947315,0.0,0.0,0.0,308614819.5542091
29,2003-06-30,324518813.5480968,330308619.00353384,353354350.6821441,324518813.5480968,324518813.5480968,17184057.318097103,17184057.318097103,17184057.318097103,17184057.318097103,17184057.318097103,17184057.318097103,0.0,0.0,0.0,341702870.8661939
30,2003-07-31,324960838.8662684,374381335.121009,396636795.26041883,324960838.8662684,324960838.8662684,61032692.87802747,61032692.87802747,61032692.87802747,61032692.87802747,61032692.87802747,61032692.87802747,0.0,0.0,0.0,385993531.74429584
31,2003-08-31,325402864.18444,375458009.64772207,397934460.19621396,325402864.18444,325402864.18444,61769158.22341321,61769158.22341321,61769158.22341321,61769158.22341321,61769158.22341321,61769158.22341321,0.0,0.0,0.0,387172022.40785325
32,2003-09-30,325830630.6213804,319597876.7004292,343205960.8162112,325830630.6213804,325830630.6213804,5160847.399224982,5160847.399224982,5160847.399224982,5160847.399224982,5160847.399224982,5160847.399224982,0.0,0.0,0.0,330991478.0206054
33,2003-10-31,326272655.939552,290292232.45436746,314198040.89863086,326272655.939552,326272655.939552,-24183353.43864018,-24183353.43864018,-24183353.43864018,-24183353.43864018,-24183353.43864018,-24183353.43864018,0.0,0.0,0.0,302089302.50091183
34,2003-11-30,326700422.3764923,284843762.3415796,307349337.78344977,326700422.3764923,326700422.3764923,-30263270.599432062,-30263270.599432062,-30263270.599432062,-30263270.599432062,-30263270.599432062,-30263270.599432062,0.0,0.0,0.0,296437151.7770603
35,2003-12-31,327142447.69466394,314791389.7726972,337376210.2529503,327142447.69466394,327142447.69466394,-1290060.6074562275,-1290060.6074562275,-1290060.6074562275,-1290060.6074562275,-1290060.6074562275,-1290060.6074562275,0.0,0.0,0.0,325852387.08720773
36,2004-01-31,327584473.01283556,330305225.0887331,353141289.3172124,327584473.01283556,327584473.01283556,14183177.399475284,14183177.399475284,14183177.399475284,14183177.399475284,14183177.399475284,14183177.399475284,0.0,0.0,0.0,341767650.41231084
37,2004-02-29,327997979.2118199,290162108.6806275,312166455.274627,327997979.2118199,327997979.2118199,-26823927.70033298,-26823927.70033298,-26823927.70033298,-26823927.70033298,-26823927.70033298,-26823927.70033298,0.0,0.0,0.0,301174051.5114869
38,2004-03-31,328440003.07969964,291961705.962032,314882296.036823,328440003.07969964,328440003.07969964,-24664499.32272656,-24664499.32272656,-24664499.32272656,-24664499.32272656,-24664499.32272656,-24664499.32272656,0.0,0.0,0.0,303775503.7569731
39,2004-04-30,328867768.1131317,273433294.18847954,295963315.17970705,328867768.1131317,328867768.1131317,-43830498.20318933,-43830498.20318933,-43830498.20318933,-43830498.20318933,-43830498.20318933,-43830498.20318933,0.0,0.0,0.0,285037269.9099424
40,2004-05-31,329309791.98101145,303589890.286777,325227579.80428076,329309791.98101145,329309791.98101145,-14575740.529794797,-14575740.529794797,-14575740.529794797,-14575740.529794797,-14575740.529794797,-14575740.529794797,0.0,0.0,0.0,314734051.45121664
41,2004-06-30,329737557.01444346,344182952.9255298,366216963.46502715,329737557.01444346,329737557.01444346,25696487.119891863,25696487.119891863,25696487.119891863,25696487.119891863,25696487.119891863,25696487.119891863,0.0,0.0,0.0,355434044.13433534
42,2004-07-31,330179580.8823232,382721329.0486867,405264514.24959993,330179580.8823232,330179580.8823232,63914756.97018935,63914756.97018935,63914756.97018935,63914756.97018935,63914756.97018935,63914756.97018935,0.0,0.0,0.0,394094337.85251254
43,2004-08-31,330621604.750203,374822378.6261499,397635856.6421296,330621604.750203,330621604.750203,56048801.96241727,56048801.96241727,56048801.96241727,56048801.96241727,56048801.96241727,56048801.96241727,0.0,0.0,0.0,386670406.71262026
44,2004-09-30,331049369.783635,320106382.605093,343309170.5519253,331049369.783635,331049369.783635,596739.682580825,596739.682580825,596739.682580825,596739.682580825,596739.682580825,596739.682580825,0.0,0.0,0.0,331646109.46621585
45,2004-10-31,331491393.6515148,296755293.13802516,319535870.941409,331491393.6515148,331491393.6515148,-23365921.39456839,-23365921.39456839,-23365921.39456839,-23365921.39456839,-23365921.39456839,-23365921.39456839,0.0,0.0,0.0,308125472.25694644
46,2004-11-30,331919113.3105881,287685616.9381901,310238327.5326962,331919113.3105881,331919113.3105881,-33130237.30435678,-33130237.30435678,-33130237.30435678,-33130237.30435678,-33130237.30435678,-33130237.30435678,0.0,0.0,0.0,298788876.00623137
47,2004-12-31,332361090.2916305,327902208.5929272,349438956.88676536,332361090.2916305,332361090.2916305,6188313.086879047,6188313.086879047,6188313.086879047,6188313.086879047,6188313.086879047,6188313.086879047,0.0,0.0,0.0,338549403.3785096
48,2005-01-31,332803067.27267295,335854180.0177321,359230632.7195867,332803067.27267295,332803067.27267295,14994642.73896516,14994642.73896516,14994642.73896516,14994642.73896516,14994642.73896516,14994642.73896516,0.0,0.0,0.0,347797710.0116381
49,2005-02-28,333202272.287808,295840462.6678177,317685836.09171844,333202272.287808,333202272.287808,-26771842.73768845,-26771842.73768845,-26771842.73768845,-26771842.73768845,-26771842.73768845,-26771842.73768845,0.0,0.0,0.0,306430429.5501196
50,2005-03-31,333644249.2688504,299515760.011464,323136327.4541543,333644249.2688504,333644249.2688504,-22433474.547407266,-22433474.547407266,-22433474.547407266,-22433474.547407266,-22433474.547407266,-22433474.547407266,0.0,0.0,0.0,311210774.7214431
51,2005-04-30,334071968.9279237,280036884.1906795,301548609.0164895,334071968.9279237,334071968.9279237,-43410891.50622764,-43410891.50622764,-43410891.50622764,-43410891.50622764,-43410891.50622764,-43410891.50622764,0.0,0.0,0.0,290661077.42169607
52,2005-05-31,334513945.90896606,308410345.17307746,331462941.21204823,334513945.90896606,334513945.90896606,-14820608.855385324,-14820608.855385324,-14820608.855385324,-14820608.855385324,-14820608.855385324,-14820608.855385324,0.0,0.0,0.0,319693337.05358076
53,2005-06-30,334941665.56803936,346302848.0792047,368912300.4821685,334941665.56803936,334941665.56803936,22860782.628634896,22860782.628634896,22860782.628634896,22860782.628634896,22860782.628634896,22860782.628634896,0.0,0.0,0.0,357802448.1966742
54,2005-07-31,335383642.54908174,388161611.1222784,409593594.08778864,335383642.54908174,335383642.54908174,62890825.45018869,62890825.45018869,62890825.45018869,62890825.45018869,62890825.45018869,62890825.45018869,0.0,0.0,0.0,398274467.99927044
55,2005-08-31,335746141.78413326,382747050.8398272,405129169.71165466,335746141.78413326,335746141.78413326,57917918.218122035,57917918.218122035,57917918.218122035,57917918.218122035,57917918.218122035,57917918.218122035,0.0,0.0,0.0,393664060.0022553
56,2005-09-30,336096947.4954734,327344388.30813694,349037452.1583574,336096947.4954734,336096947.4954734,2134739.044548716,2134739.044548716,2134739.044548716,2134739.044548716,2134739.044548716,2134739.044548716,0.0,0.0,0.0,338231686.5400221
57,2005-10-31,336459446.73052484,301786356.38235074,324236712.254322,336459446.73052484,336459446.73052484,-23618775.298450835,-23618775.298450835,-23618775.298450835,-23618775.298450835,-23618775.298450835,-23618775.298450835,0.0,0.0,0.0,312840671.432074
58,2005-11-30,336810252.441865,293330056.53696686,315790190.4536139,336810252.441865,336810252.441865,-32140834.18712237,-32140834.18712237,-32140834.18712237,-32140834.18712237,-32140834.18712237,-32140834.18712237,0.0,0.0,0.0,304669418.2547427
59,2005-12-31,337172751.67691654,329658060.66450554,352639083.2720195,337172751.67691654,337172751.67691654,3720313.425474705,3720313.425474705,3720313.425474705,3720313.425474705,3720313.425474705,3720313.425474705,0.0,0.0,0.0,340893065.10239124
60,2006-01-31,337535250.911968,341424295.37715125,364490204.0105065,337535250.911968,337535250.911968,14700239.73210342,14700239.73210342,14700239.73210342,14700239.73210342,14700239.73210342,14700239.73210342,0.0,0.0,0.0,352235490.6440714
61,2006-02-28,337862669.5758855,299118718.086572,322270914.04264826,337862669.5758855,337862669.5758855,-26665682.14532283,-26665682.14532283,-26665682.14532283,-26665682.14532283,-26665682.14532283,-26665682.14532283,0.0,0.0,0.0,311196987.4305626
62,2006-03-31,338225168.8109369,306448115.01316804,328756117.5925647,338225168.8109369,338225168.8109369,-20197506.375413593,-20197506.375413593,-20197506.375413593,-20197506.375413593,-20197506.375413593,-20197506.375413593,0.0,0.0,0.0,318027662.43552333
63,2006-04-30,338575974.52227706,284111088.1154301,307385921.3249305,338575974.52227706,338575974.52227706,-43030312.729792476,-43030312.729792476,-43030312.729792476,-43030312.729792476,-43030312.729792476,-43030312.729792476,0.0,0.0,0.0,295545661.7924846
64,2006-05-31,338938473.75732857,312952871.07687485,335352206.60608965,338938473.75732857,338938473.75732857,-15120964.101538062,-15120964.101538062,-15120964.101538062,-15120964.101538062,-15120964.101538062,-15120964.101538062,0.0,0.0,0.0,323817509.6557905
65,2006-06-30,339128289.7712228,348135485.544609,369748386.54421693,339128289.7712228,339128289.7712228,20022210.14857205,20022210.14857205,20022210.14857205,20022210.14857205,20022210.14857205,20022210.14857205,0.0,0.0,0.0,359150499.9197948
66,2006-07-31,339324432.9855801,390209892.7724886,412460505.73852473,339324432.9855801,339324432.9855801,61929737.502512895,61929737.502512895,61929737.502512895,61929737.502512895,61929737.502512895,61929737.502512895,0.0,0.0,0.0,401254170.48809296
67,2006-08-31,339520576.19993734,388118993.7958624,410709127.75361073,339520576.19993734,339520576.19993734,59825355.355723575,59825355.355723575,59825355.355723575,59825355.355723575,59825355.355723575,59825355.355723575,0.0,0.0,0.0,399345931.5556609
68,2006-09-30,339710392.21383154,332542276.52144843,354362017.02877,339710392.21383154,339710392.21383154,3656715.5683486667,3656715.5683486667,3656715.5683486667,3656715.5683486667,3656715.5683486667,3656715.5683486667,0.0,0.0,0.0,343367107.7821802
69,2006-10-31,339906535.42818886,304656044.3367153,327121519.7098658,339906535.42818886,339906535.42818886,-23891172.754506864,-23891172.754506864,-23891172.754506864,-23891172.754506864,-23891172.754506864,-23891172.754506864,0.0,0.0,0.0,316015362.673682
70,2006-11-30,340096351.442083,297513371.38474417,320533191.22903246,340096351.442083,340096351.442083,-31185030.572504267,-31185030.572504267,-31185030.572504267,-31185030.572504267,-31185030.572504267,-31185030.572504267,0.0,0.0,0.0,308911320.8695787
71,2006-12-31,340292494.6564403,329908796.42039835,352602349.6651283,340292494.6564403,340292494.6564403,1226662.346895973,1226662.346895973,1226662.346895973,1226662.346895973,1226662.346895973,1226662.346895973,0.0,0.0,0.0,341519157.0033363
72,2007-01-31,340488637.8707977,343187870.27369535,366226152.78615606,340488637.8707977,340488637.8707977,14429293.316616435,14429293.316616435,14429293.316616435,14429293.316616435,14429293.316616435,14429293.316616435,0.0,0.0,0.0,354917931.1874141
73,2007-02-28,340665799.48376554,301923280.20703447,325147608.3477185,340665799.48376554,340665799.48376554,-26506028.108614974,-26506028.108614974,-26506028.108614974,-26506028.108614974,-26506028.108614974,-26506028.108614974,0.0,0.0,0.0,314159771.37515056
74,2007-03-31,340699349.29191834,312200949.35557055,334598075.0766886,340699349.29191834,340699349.29191834,-17959398.229413815,-17959398.229413815,-17959398.229413815,-17959398.229413815,-17959398.229413815,-17959398.229413815,0.0,0.0,0.0,322739951.06250453
75,2007-04-30,340731816.8481952,287604159.62553316,308923168.092931,340731816.8481952,340731816.8481952,-42689779.56348049,-42689779.56348049,-42689779.56348049,-42689779.56348049,-42689779.56348049,-42689779.56348049,0.0,0.0,0.0,298042037.2847147
76,2007-05-31,340765366.65634793,314259087.4408802,337936981.1685093,340765366.65634793,340765366.65634793,-15476227.556943927,-15476227.556943927,-15476227.556943927,-15476227.556943927,-15476227.556943927,-15476227.556943927,0.0,0.0,0.0,325289139.099404
77,2007-06-30,340797834.21262485,346766236.1232634,369751774.8207586,340797834.21262485,340797834.21262485,17184057.318118162,17184057.318118162,17184057.318118162,17184057.318118162,17184057.318118162,17184057.318118162,0.0,0.0,0.0,357981891.530743
78,2007-07-31,340831384.02077764,390797671.27380836,412614146.92508954,340831384.02077764,340831384.02077764,61032692.87803247,61032692.87803247,61032692.87803247,61032692.87803247,61032692.87803247,61032692.87803247,0.0,0.0,0.0,401864076.8988101
79,2007-08-31,340864933.8289304,392008212.89910424,414420386.39411205,340864933.8289304,340864933.8289304,61769158.223420456,61769158.223420456,61769158.223420456,61769158.223420456,61769158.223420456,61769158.223420456,0.0,0.0,0.0,402634092.0523508
80,2007-09-30,340897401.3852073,334917487.71369237,357228262.9530435,340897401.3852073,340897401.3852073,5160847.399235945,5160847.399235945,5160847.399235945,5160847.399235945,5160847.399235945,5160847.399235945,0.0,0.0,0.0,346058248.78444326
81,2007-10-31,340930951.1933601,305051512.77940065,328240531.3645402,340930951.1933601,340930951.1933601,-24183353.43864049,-24183353.43864049,-24183353.43864049,-24183353.43864049,-24183353.43864049,-24183353.43864049,0.0,0.0,0.0,316747597.7547196
82,2007-11-30,340963418.74963695,299333972.66618353,322756702.8979216,340963418.74963695,340963418.74963695,-30263270.59942547,-30263270.59942547,-30263270.59942547,-30263270.59942547,-30263270.59942547,-30263270.59942547,0.0,0.0,0.0,310700148.15021145
83,2007-12-31,340945068.8622909,327779304.2047572,350392174.01104844,340945068.8622909,340945068.8622909,-1290060.6074656043,-1290060.6074656043,-1290060.6074656043,-1290060.6074656043,-1290060.6074656043,-1290060.6074656043,0.0,0.0,0.0,339655008.2548253
84,2008-01-31,340926718.97494483,343583530.08473134,366365727.5360349,340926718.97494483,340926718.97494483,14183177.399478827,14183177.399478827,14183177.399478827,14183177.399478827,14183177.399478827,14183177.399478827,0.0,0.0,0.0,355109896.3744237
85,2008-02-29,340909552.9512985,303056531.0097693,324781250.66935796,340909552.9512985,340909552.9512985,-26823927.700327035,-26823927.700327035,-26823927.700327035,-26823927.700327035,-26823927.700327035,-26823927.700327035,0.0,0.0,0.0,314085625.25097144
86,2008-03-31,340891203.06395245,304326142.019607,326840628.30503803,340891203.06395245,340891203.06395245,-24664499.322717737,-24664499.322717737,-24664499.322717737,-24664499.322717737,-24664499.322717737,-24664499.322717737,0.0,0.0,0.0,316226703.7412347
87,2008-04-30,340873445.10845625,284948117.83371365,307744298.7788476,340873445.10845625,340873445.10845625,-43830498.203198284,-43830498.203198284,-43830498.203198284,-43830498.203198284,-43830498.203198284,-43830498.203198284,0.0,0.0,0.0,297042946.90525794
88,2008-05-31,340855095.22111017,314474653.11341083,337522977.78603905,340855095.22111017,340855095.22111017,-14575740.529791214,-14575740.529791214,-14575740.529791214,-14575740.529791214,-14575740.529791214,-14575740.529791214,0.0,0.0,0.0,326279354.6913189
89,2008-06-30,340837337.26561403,355500647.9236137,377717870.8939157,340837337.26561403,340837337.26561403,25696487.119899005,25696487.119899005,25696487.119899005,25696487.119899005,25696487.119899005,25696487.119899005,0.0,0.0,0.0,366533824.38551307
90,2008-07-31,340818987.37826794,393745841.9036839,416571631.17027926,340818987.37826794,340818987.37826794,63914756.9701748,63914756.9701748,63914756.9701748,63914756.9701748,63914756.9701748,63914756.9701748,0.0,0.0,0.0,404733744.34844273
91,2008-08-31,340800637.49092185,385846144.3481787,408021014.57125133,340800637.49092185,340800637.49092185,56048801.96241196,56048801.96241196,56048801.96241196,56048801.96241196,56048801.96241196,56048801.96241196,0.0,0.0,0.0,396849439.4533338
92,2008-09-30,340782879.58747894,329774897.727973,351402745.87497276,340782879.58747894,340782879.58747894,596739.6825917291,596739.6825917291,596739.6825917291,596739.6825917291,596739.6825917291,596739.6825917291,0.0,0.0,0.0,341379619.2700707
93,2008-10-31,340764529.7539213,306164751.201259,329390371.80653536,340764529.7539213,340764529.7539213,-23365921.394571282,-23365921.394571282,-23365921.394571282,-23365921.394571282,-23365921.394571282,-23365921.394571282,0.0,0.0,0.0,317398608.35934997
94,2008-11-30,340746771.8504784,295875552.3159871,319572164.9990311,340746771.8504784,340746771.8504784,-33130237.304346777,-33130237.304346777,-33130237.304346777,-33130237.304346777,-33130237.304346777,-33130237.304346777,0.0,0.0,0.0,307616534.5461316
95,2008-12-31,340728422.01692075,335415708.5170657,357810842.91449875,340728422.01692075,340728422.01692075,6188313.08686272,6188313.08686272,6188313.08686272,6188313.08686272,6188313.08686272,6188313.08686272,0.0,0.0,0.0,346916735.1037835
96,2009-01-31,340710072.18336314,344544797.02828187,367691047.95645285,340710072.18336314,340710072.18336314,14994642.738962566,14994642.738962566,14994642.738962566,14994642.738962566,14994642.738962566,14994642.738962566,0.0,0.0,0.0,355704714.92232573
97,2009-02-28,340693498.1401497,301910046.2909082,324536730.76958954,340693498.1401497,340693498.1401497,-26771842.737699326,-26771842.737699326,-26771842.737699326,-26771842.737699326,-26771842.737699326,-26771842.737699326,0.0,0.0,0.0,313921655.4024504
98,2009-03-31,340675148.3065921,307239823.0868162,328874935.94663787,340675148.3065921,340675148.3065921,-22433474.547415037,-22433474.547415037,-22433474.547415037,-22433474.547415037,-22433474.547415037,-22433474.547415037,0.0,0.0,0.0,318241673.7591771
99,2009-04-30,340657390.4031492,284871426.0816966,308668419.4778744,340657390.4031492,340657390.4031492,-43410891.50623158,-43410891.50623158,-43410891.50623158,-43410891.50623158,-43410891.50623158,-43410891.50623158,0.0,0.0,0.0,297246498.8969176
100,2009-05-31,340639040.5695915,313870783.74057764,337327478.7611365,340639040.5695915,340639040.5695915,-14820608.855380395,-14820608.855380395,-14820608.855380395,-14820608.855380395,-14820608.855380395,-14820608.855380395,0.0,0.0,0.0,325818431.7142111
101,2009-06-30,340621969.3445376,353107155.8634009,375913002.2305338,340621969.3445376,340621969.3445376,22860782.628643114,22860782.628643114,22860782.628643114,22860782.628643114,22860782.628643114,22860782.628643114,0.0,0.0,0.0,363482751.9731807
102,2009-07-31,340604329.07864857,391255233.39544374,413965469.6152784,340604329.07864857,340604329.07864857,62890825.450185195,62890825.450185195,62890825.450185195,62890825.450185195,62890825.450185195,62890825.450185195,0.0,0.0,0.0,403495154.52883375
103,2009-08-31,340586688.8127595,387386941.8863596,409953991.484291,340586688.8127595,340586688.8127595,57917918.21812893,57917918.21812893,57917918.21812893,57917918.21812893,57917918.21812893,57917918.21812893,0.0,0.0,0.0,398504607.03088844
104,2009-09-30,340569617.58770555,331321785.1892117,354121322.03468686,340569617.58770555,340569617.58770555,2134739.0445396835,2134739.0445396835,2134739.0445396835,2134739.0445396835,2134739.0445396835,2134739.0445396835,0.0,0.0,0.0,342704356.63224524
105,2009-10-31,340551977.3218165,305240169.0380416,329100671.0471577,340551977.3218165,340551977.3218165,-23618775.298448876,-23618775.298448876,-23618775.298448876,-23618775.298448876,-23618775.298448876,-23618775.298448876,0.0,0.0,0.0,316933202.02336764
106,2009-11-30,340534906.0967626,296951319.0980084,319000069.9929598,340534906.0967626,340534906.0967626,-32140834.187126502,-32140834.187126502,-32140834.187126502,-32140834.187126502,-32140834.187126502,-32140834.187126502,0.0,0.0,0.0,308394071.9096361
107,2009-12-31,340517265.83087355,333517521.0687007,355857788.83054304,340517265.83087355,340517265.83087355,3720313.425459495,3720313.425459495,3720313.425459495,3720313.425459495,3720313.425459495,3720313.425459495,0.0,0.0,0.0,344237579.25633305
108,2010-01-31,340499625.5649845,344400430.8242224,367105503.67486423,340499625.5649845,340499625.5649845,14700239.73209981,14700239.73209981,14700239.73209981,14700239.73209981,14700239.73209981,14700239.73209981,0.0,0.0,0.0,355199865.29708433
109,2010-02-28,340483692.4216009,302528459.58860797,325805544.1299532,340483692.4216009,340483692.4216009,-26665682.14532265,-26665682.14532265,-26665682.14532265,-26665682.14532265,-26665682.14532265,-26665682.14532265,0.0,0.0,0.0,313818010.27627826
110,2010-03-31,340466074.8415918,309339767.584416,331694077.9018828,340466074.8415918,340466074.8415918,-20197506.37542685,-20197506.37542685,-20197506.37542685,-20197506.37542685,-20197506.37542685,-20197506.37542685,0.0,0.0,0.0,320268568.46616495
111,2010-04-30,340449025.5706153,285788286.00754225,308477044.13272285,340449025.5706153,340449025.5706153,-43030312.72979491,-43030312.72979491,-43030312.72979491,-43030312.72979491,-43030312.72979491,-43030312.72979491,0.0,0.0,0.0,297418712.8408204
112,2010-05-31,340431407.99060625,313450865.4280804,336164685.98069376,340431407.99060625,340431407.99060625,-15120964.101532511,-15120964.101532511,-15120964.101532511,-15120964.101532511,-15120964.101532511,-15120964.101532511,0.0,0.0,0.0,325310443.8890737
113,2010-06-30,340414358.71962976,349797941.71779925,371627893.0136066,340414358.71962976,340414358.71962976,20022210.148595292,20022210.148595292,20022210.148595292,20022210.148595292,20022210.148595292,20022210.148595292,0.0,0.0,0.0,360436568.86822504
114,2010-07-31,340396741.1396207,391239544.85627973,413413517.2065012,340396741.1396207,340396741.1396207,61929737.50252183,61929737.50252183,61929737.50252183,61929737.50252183,61929737.50252183,61929737.50252183,0.0,0.0,0.0,402326478.64214253
115,2010-08-31,340379123.5596116,388867969.44214374,411267204.15717757,340379123.5596116,340379123.5596116,59825355.35572066,59825355.35572066,59825355.35572066,59825355.35572066,59825355.35572066,59825355.35572066,0.0,0.0,0.0,400204478.91533226
116,2010-09-30,340362074.28863513,331140899.0515357,355649770.19768095,340362074.28863513,340362074.28863513,3656715.568337742,3656715.568337742,3656715.568337742,3656715.568337742,3656715.568337742,3656715.568337742,0.0,0.0,0.0,344018789.8569729
117,2010-10-31,340344456.7086261,305274903.07817596,327540825.7275095,340344456.7086261,340344456.7086261,-23891172.75450196,-23891172.75450196,-23891172.75450196,-23891172.75450196,-23891172.75450196,-23891172.75450196,0.0,0.0,0.0,316453283.95412415
118,2010-11-30,340327407.43764955,297891148.2034406,320464772.35062706,340327407.43764955,340327407.43764955,-31185030.57251572,-31185030.57251572,-31185030.57251572,-31185030.57251572,-31185030.57251572,-31185030.57251572,0.0,0.0,0.0,309142376.8651338
119,2010-12-31,340309799.6761043,330197824.49939,351976882.97621197,340309799.6761043,340309799.6761043,1226662.3469066217,1226662.3469066217,1226662.3469066217,1226662.3469066217,1226662.3469066217,1226662.3469066217,0.0,0.0,0.0,341536462.0230109
120,2011-01-31,340292191.91455907,343753989.26703244,366508958.3372233,340292191.91455907,340292191.91455907,14429293.316611452,14429293.316611452,14429293.316611452,14429293.316611452,14429293.316611452,14429293.316611452,0.0,0.0,0.0,354721485.23117054
121,2011-02-28,340276288.1299376,301776944.64221174,323497453.2082731,340276288.1299376,340276288.1299376,-26506028.108605307,-26506028.108605307,-26506028.108605307,-26506028.108605307,-26506028.108605307,-26506028.108605307,0.0,0.0,0.0,313770260.02133226
122,2011-03-31,340258680.3683923,311632261.0027031,333196862.8535,340258680.3683923,340258680.3683923,-17959398.229404874,-17959398.229404874,-17959398.229404874,-17959398.229404874,-17959398.229404874,-17959398.229404874,0.0,0.0,0.0,322299282.1389874
123,2011-04-30,340241640.59915495,286215909.7752023,308714428.7361673,340241640.59915495,340241640.59915495,-42689779.56347628,-42689779.56347628,-42689779.56347628,-42689779.56347628,-42689779.56347628,-42689779.56347628,0.0,0.0,0.0,297551861.0356787
124,2011-05-31,340224032.8376097,313421574.8199596,336246252.54381067,340224032.8376097,340224032.8376097,-15476227.55694711,-15476227.55694711,-15476227.55694711,-15476227.55694711,-15476227.55694711,-15476227.55694711,0.0,0.0,0.0,324747805.2806626
125,2011-06-30,340206993.06837237,346113937.07419664,368371716.08010876,340206993.06837237,340206993.06837237,17184057.31811317,17184057.31811317,17184057.31811317,17184057.31811317,17184057.31811317,17184057.31811317,0.0,0.0,0.0,357391050.3864855
126,2011-07-31,340189385.30682707,391068408.8819047,413336954.6922713,340189385.30682707,340189385.30682707,61032692.87802985,61032692.87802985,61032692.87802985,61032692.87802985,61032692.87802985,61032692.87802985,0.0,0.0,0.0,401222078.1848569
127,2011-08-31,340171777.5452818,390552122.3704559,413001259.56548154,340171777.5452818,340171777.5452818,61769158.22341566,61769158.22341566,61769158.22341566,61769158.22341566,61769158.22341566,61769158.22341566,0.0,0.0,0.0,401940935.7686975
128,2011-09-30,340154980.82506925,333275671.3000274,357294307.86663216,340154980.82506925,340154980.82506925,5160847.399227819,5160847.399227819,5160847.399227819,5160847.399227819,5160847.399227819,5160847.399227819,0.0,0.0,0.0,345315828.22429705
129,2011-10-31,340137624.21418285,305656941.6441189,327109156.38410777,340137624.21418285,340137624.21418285,-24183353.43863601,-24183353.43863601,-24183353.43863601,-24183353.43863601,-24183353.43863601,-24183353.43863601,0.0,0.0,0.0,315954270.77554685
130,2011-11-30,340120827.4939702,298508674.84284407,321514451.672415,340120827.4939702,340120827.4939702,-30263270.599440213,-30263270.599440213,-30263270.599440213,-30263270.599440213,-30263270.599440213,-30263270.599440213,0.0,0.0,0.0,309857556.89453
131,2011-12-31,340103470.8830838,327807879.0165132,350613264.1062339,340103470.8830838,340103470.8830838,-1290060.6074511006,-1290060.6074511006,-1290060.6074511006,-1290060.6074511006,-1290060.6074511006,-1290060.6074511006,0.0,0.0,0.0,338813410.27563274
132,2012-01-31,340086114.2721975,343583138.2865506,366717158.13767433,340086114.2721975,340086114.2721975,14183177.399483074,14183177.399483074,14183177.399483074,14183177.399483074,14183177.399483074,14183177.399483074,0.0,0.0,0.0,354269291.67168057
133,2012-02-29,340069877.4426586,301977641.755946,323669451.8290936,340069877.4426586,340069877.4426586,-26823927.70032097,-26823927.70032097,-26823927.70032097,-26823927.70032097,-26823927.70032097,-26823927.70032097,0.0,0.0,0.0,313245949.74233764
134,2012-03-31,340052520.83177227,303971386.75365895,325993711.8012375,340052520.83177227,340052520.83177227,-24664499.322732825,-24664499.322732825,-24664499.322732825,-24664499.322732825,-24664499.322732825,-24664499.322732825,0.0,0.0,0.0,315388021.50903946
135,2012-04-30,340035724.1115596,284506818.0558674,307913249.66379166,340035724.1115596,340035724.1115596,-43830498.203195885,-43830498.203195885,-43830498.203195885,-43830498.203195885,-43830498.203195885,-43830498.203195885,0.0,0.0,0.0,296205225.90836376
136,2012-05-31,340018367.50067323,312977154.6415402,336899050.4916073,340018367.50067323,340018367.50067323,-14575740.529790921,-14575740.529790921,-14575740.529790921,-14575740.529790921,-14575740.529790921,-14575740.529790921,0.0,0.0,0.0,325442626.9708823
137,2012-06-30,340002707.4148307,354790386.19885933,377601822.0587007,340002707.4148307,340002707.4148307,25696487.119900223,25696487.119900223,25696487.119900223,25696487.119900223,25696487.119900223,25696487.119900223,0.0,0.0,0.0,365699194.5347309
138,2012-07-31,339986525.32612675,393554570.93989915,414555080.0609114,339986525.32612675,339986525.32612675,63914756.97018472,63914756.97018472,63914756.97018472,63914756.97018472,63914756.97018472,63914756.97018472,0.0,0.0,0.0,403901282.2963115
139,2012-08-31,339970343.2374228,384421572.27385706,406536237.6551949,339970343.2374228,339970343.2374228,56048801.96241206,56048801.96241206,56048801.96241206,56048801.96241206,56048801.96241206,56048801.96241206,0.0,0.0,0.0,396019145.1998349
140,2012-09-30,339954683.1515803,328856696.77802163,351849735.5657203,339954683.1515803,339954683.1515803,596739.6825879961,596739.6825879961,596739.6825879961,596739.6825879961,596739.6825879961,596739.6825879961,0.0,0.0,0.0,340551422.83416826
141,2012-10-31,339938501.0628763,306171288.3895268,329190406.0023411,339938501.0628763,339938501.0628763,-23365921.394567892,-23365921.394567892,-23365921.394567892,-23365921.394567892,-23365921.394567892,-23365921.394567892,0.0,0.0,0.0,316572579.6683084
142,2012-11-30,339922840.9770338,295625726.57714057,317597780.51680917,339922840.9770338,339922840.9770338,-33130237.304353956,-33130237.304353956,-33130237.304353956,-33130237.304353956,-33130237.304353956,-33130237.304353956,0.0,0.0,0.0,306792603.67267984
143,2012-12-31,339906658.8883298,333401123.61585885,357925913.1894599,339906658.8883298,339906658.8883298,6188313.086874717,6188313.086874717,6188313.086874717,6188313.086874717,6188313.086874717,6188313.086874717,0.0,0.0,0.0,346094971.9752045
144,2013-01-31,339890476.7996259,343333420.5419208,366568325.4859879,339890476.7996259,339890476.7996259,14994642.738970928,14994642.738970928,14994642.738970928,14994642.738970928,14994642.738970928,14994642.738970928,0.0,0.0,0.0,354885119.5385968
145,2013-02-28,339875860.7195062,301616798.01465476,323715293.1670963,339875860.7195062,339875860.7195062,-26771842.73769276,-26771842.73769276,-26771842.73769276,-26771842.73769276,-26771842.73769276,-26771842.73769276,0.0,0.0,0.0,313104017.98181343
146,2013-03-31,339868369.57577926,305810245.91673905,328986492.00211906,339868369.57577926,339868369.57577926,-22433474.547413494,-22433474.547413494,-22433474.547413494,-22433474.547413494,-22433474.547413494,-22433474.547413494,0.0,0.0,0.0,317434895.0283658
147,2013-04-30,339861120.08184993,285013515.29977816,308319220.3789646,339861120.08184993,339861120.08184993,-43410891.506235264,-43410891.506235264,-43410891.506235264,-43410891.506235264,-43410891.506235264,-43410891.506235264,0.0,0.0,0.0,296450228.5756147
148,2013-05-31,339853628.938123,314433451.28075504,337595671.8481336,339853628.938123,339853628.938123,-14820608.85538758,-14820608.85538758,-14820608.85538758,-14820608.85538758,-14820608.85538758,-14820608.85538758,0.0,0.0,0.0,325033020.0827354
149,2013-06-30,339846379.44419366,351613902.2312212,374440375.9167626,339846379.44419366,339846379.44419366,22860782.628629122,22860782.628629122,22860782.628629122,22860782.628629122,22860782.628629122,22860782.628629122,0.0,0.0,0.0,362707162.0728228
150,2013-07-31,339838888.3004667,391037516.3181343,414019396.4482755,339838888.3004667,339838888.3004667,62890825.450192556,62890825.450192556,62890825.450192556,62890825.450192556,62890825.450192556,62890825.450192556,0.0,0.0,0.0,402729713.7506593
151,2013-08-31,339831397.1567398,386569815.5319251,408235601.91314876,339831397.1567398,339831397.1567398,57917918.21811567,57917918.21811567,57917918.21811567,57917918.21811567,57917918.21811567,57917918.21811567,0.0,0.0,0.0,397749315.37485546
152,2013-09-30,339824147.66281044,330733873.3751664,353179918.51946586,339824147.66281044,339824147.66281044,2134739.044540267,2134739.044540267,2134739.044540267,2134739.044540267,2134739.044540267,2134739.044540267,0.0,0.0,0.0,341958886.70735073
153,2013-10-31,339816656.5190835,304946560.3767802,327218395.8679171,339816656.5190835,339816656.5190835,-23618775.29845218,-23618775.29845218,-23618775.29845218,-23618775.29845218,-23618775.29845218,-23618775.29845218,0.0,0.0,0.0,316197881.2206313
154,2013-11-30,339809407.0251542,296608221.7833854,318935296.4891234,339809407.0251542,339809407.0251542,-32140834.18712479,-32140834.18712479,-32140834.18712479,-32140834.18712479,-32140834.18712479,-32140834.18712479,0.0,0.0,0.0,307668572.8380294
155,2013-12-31,339801915.98226565,332534531.855963,354886873.4755885,339801915.98226565,339801915.98226565,3720313.4254814526,3720313.4254814526,3720313.4254814526,3720313.4254814526,3720313.4254814526,3720313.4254814526,0.0,0.0,0.0,343522229.4077471
156,2014-01-31,339794424.93937707,343075229.97266066,365588765.81092316,339794424.93937707,339794424.93937707,14700239.732091619,14700239.732091619,14700239.732091619,14700239.732091619,14700239.732091619,14700239.732091619,0.0,0.0,0.0,354494664.6714687
157,2014-02-28,339787658.8361228,302393369.68698287,324288696.2396651,339787658.8361228,339787658.8361228,-26665682.145326894,-26665682.145326894,-26665682.145326894,-26665682.145326894,-26665682.145326894,-26665682.145326894,0.0,0.0,0.0,313121976.6907959
158,2014-03-31,339780167.7932343,308066703.51330876,330471383.04096395,339780167.7932343,339780167.7932343,-20197506.37540948,-20197506.37540948,-20197506.37540948,-20197506.37540948,-20197506.37540948,-20197506.37540948,0.0,0.0,0.0,319582661.4178248
159,2014-04-30,339772918.39689046,286048829.2385798,308341114.6876062,339772918.39689046,339772918.39689046,-43030312.72979855,-43030312.72979855,-43030312.72979855,-43030312.72979855,-43030312.72979855,-43030312.72979855,0.0,0.0,0.0,296742605.6670919
160,2014-05-31,339765427.3540019,312985660.57848215,335601736.0694459,339765427.3540019,339765427.3540019,-15120964.101538325,-15120964.101538325,-15120964.101538325,-15120964.101538325,-15120964.101538325,-15120964.101538325,0.0,0.0,0.0,324644463.2524636
161,2014-06-30,339758177.9576581,348787295.20294946,371512383.16738784,339758177.9576581,339758177.9576581,20022210.14857449,20022210.14857449,20022210.14857449,20022210.14857449,20022210.14857449,20022210.14857449,0.0,0.0,0.0,359780388.1062326
162,2014-07-31,339750686.91476953,390467068.00672066,412957304.794723,339750686.91476953,339750686.91476953,61929737.50251979,61929737.50251979,61929737.50251979,61929737.50251979,61929737.50251979,61929737.50251979,0.0,0.0,0.0,401680424.4172893
163,2014-08-31,339743195.87188095,388729284.44705355,410843942.04676414,339743195.87188095,339743195.87188095,59825355.3557184,59825355.3557184,59825355.3557184,59825355.3557184,59825355.3557184,59825355.3557184,0.0,0.0,0.0,399568551.2275993
164,2014-09-30,339736994.32369554,332135608.1930586,354865446.25370467,339736994.32369554,339736994.32369554,3656715.568350006,3656715.568350006,3656715.568350006,3656715.568350006,3656715.568350006,3656715.568350006,0.0,0.0,0.0,343393709.89204556
165,2014-10-31,339730586.05723727,304243644.04258895,326497680.53533393,339730586.05723727,339730586.05723727,-23891172.754500065,-23891172.754500065,-23891172.754500065,-23891172.754500065,-23891172.754500065,-23891172.754500065,0.0,0.0,0.0,315839413.3027372
166,2014-11-30,339724384.5090519,296666831.4405666,319972612.6958471,339724384.5090519,339724384.5090519,-31185030.572501455,-31185030.572501455,-31185030.572501455,-31185030.572501455,-31185030.572501455,-31185030.572501455,0.0,0.0,0.0,308539353.93655044
167,2014-12-31,339717976.2425937,329698474.42444086,352317701.1054465,339717976.2425937,339717976.2425937,1226662.3469147873,1226662.3469147873,1226662.3469147873,1226662.3469147873,1226662.3469147873,1226662.3469147873,0.0,0.0,0.0,340944638.5895085
168,2015-01-31,339711567.97613543,343173781.4179971,365662094.13265884,339711567.97613543,339711567.97613543,14429293.316602588,14429293.316602588,14429293.316602588,14429293.316602588,14429293.316602588,14429293.316602588,0.0,0.0,0.0,354140861.292738
169,2015-02-28,339705779.86449575,301628756.1010504,324243950.52205193,339705779.86449575,339705779.86449575,-26506028.10861729,-26506028.10861729,-26506028.10861729,-26506028.10861729,-26506028.10861729,-26506028.10861729,0.0,0.0,0.0,313199751.75587845
170,2015-03-31,339699371.59803754,310334019.7073254,333017571.1389539,339699371.59803754,339699371.59803754,-17959398.22939004,-17959398.22939004,-17959398.22939004,-17959398.22939004,-17959398.22939004,-17959398.22939004,0.0,0.0,0.0,321739973.3686475
171,2015-04-30,339693170.04985213,285665503.3516133,308283316.9075595,339693170.04985213,339693170.04985213,-42689779.563470565,-42689779.563470565,-42689779.563470565,-42689779.563470565,-42689779.563470565,-42689779.563470565,0.0,0.0,0.0,297003390.4863816
172,2015-05-31,339686761.78339386,313047355.78707194,336935968.59076667,339686761.78339386,339686761.78339386,-15476227.556935657,-15476227.556935657,-15476227.556935657,-15476227.556935657,-15476227.556935657,-15476227.556935657,0.0,0.0,0.0,324210534.2264582
173,2015-06-30,339680560.2352085,345090644.2145382,367763818.1101294,339680560.2352085,339680560.2352085,17184057.318101846,17184057.318101846,17184057.318101846,17184057.318101846,17184057.318101846,17184057.318101846,0.0,0.0,0.0,356864617.55331033
174,2015-07-31,339674746.21799505,389800466.9492176,412529164.7356477,339674746.21799505,339674746.21799505,61032692.87802767,61032692.87802767,61032692.87802767,61032692.87802767,61032692.87802767,61032692.87802767,0.0,0.0,0.0,400707439.0960227
175,2015-08-31,339668932.2007816,390543851.48355395,412325640.10934997,339668932.2007816,339668932.2007816,61769158.22342158,61769158.22342158,61769158.22342158,61769158.22342158,61769158.22342158,61769158.22342158,0.0,0.0,0.0,401438090.42420316
176,2015-09-30,339663305.7325105,333468470.81389856,356884336.25669503,339663305.7325105,339663305.7325105,5160847.399222641,5160847.399222641,5160847.399222641,5160847.399222641,5160847.399222641,5160847.399222641,0.0,0.0,0.0,344824153.1317331
177,2015-10-31,339657491.71529704,304579076.9102534,326953789.07808626,339657491.71529704,339657491.71529704,-24183353.43863527,-24183353.43863527,-24183353.43863527,-24183353.43863527,-24183353.43863527,-24183353.43863527,0.0,0.0,0.0,315474138.27666175
178,2015-11-30,339651865.24702597,297653190.1305963,321199354.45356023,339651865.24702597,339651865.24702597,-30263270.599434696,-30263270.599434696,-30263270.599434696,-30263270.599434696,-30263270.599434696,-30263270.599434696,0.0,0.0,0.0,309388594.6475913
179,2015-12-31,339646051.2298125,327199484.1894431,349391185.00052804,339646051.2298125,339646051.2298125,-1290060.60747102,-1290060.60747102,-1290060.60747102,-1290060.60747102,-1290060.60747102,-1290060.60747102,0.0,0.0,0.0,338355990.62234145
180,2016-01-31,339640237.21259904,342642889.2033524,364808913.8144173,339640237.21259904,339640237.21259904,14183177.399475614,14183177.399475614,14183177.399475614,14183177.399475614,14183177.399475614,14183177.399475614,0.0,0.0,0.0,353823414.6120747
181,2016-02-29,339634798.29327035,301907333.7641397,323779116.95269823,339634798.29327035,339634798.29327035,-26823927.70032266,-26823927.70032266,-26823927.70032266,-26823927.70032266,-26823927.70032266,-26823927.70032266,0.0,0.0,0.0,312810870.59294766
182,2016-03-31,339628984.2760569,304253895.74095917,326444916.65443975,339628984.2760569,339628984.2760569,-24664499.322715253,-24664499.322715253,-24664499.322715253,-24664499.322715253,-24664499.322715253,-24664499.322715253,0.0,0.0,0.0,314964484.9533416
183,2016-04-30,339640944.93641686,284831058.1077362,306683725.28086126,339640944.93641686,339640944.93641686,-43830498.20318223,-43830498.20318223,-43830498.20318223,-43830498.20318223,-43830498.20318223,-43830498.20318223,0.0,0.0,0.0,295810446.73323464
184,2016-05-31,339653304.2854555,313662368.4448142,336960772.8974966,339653304.2854555,339653304.2854555,-14575740.529787326,-14575740.529787326,-14575740.529787326,-14575740.529787326,-14575740.529787326,-14575740.529787326,0.0,0.0,0.0,325077563.7556682
185,2016-06-30,339665264.9458156,354066456.63452274,377352950.99435395,339665264.9458156,339665264.9458156,25696487.119885083,25696487.119885083,25696487.119885083,25696487.119885083,25696487.119885083,25696487.119885083,0.0,0.0,0.0,365361752.0657007
186,2016-07-31,339677624.2948542,392066244.8926476,414008129.95070094,339677624.2948542,339677624.2948542,63914756.97017487,63914756.97017487,63914756.97017487,63914756.97017487,63914756.97017487,63914756.97017487,0.0,0.0,0.0,403592381.2650291
187,2016-08-31,339689983.64389294,384051830.2669722,406961294.7502667,339689983.64389294,339689983.64389294,56048801.96241713,56048801.96241713,56048801.96241713,56048801.96241713,56048801.96241713,56048801.96241713,0.0,0.0,0.0,395738785.60631007
188,2016-09-30,339701944.304253,328978571.45372546,352436050.18122214,339701944.304253,339701944.304253,596739.6825930504,596739.6825930504,596739.6825930504,596739.6825930504,596739.6825930504,596739.6825930504,0.0,0.0,0.0,340298683.986846
189,2016-10-31,339714303.65329164,305571460.6722196,327225329.65093213,339714303.65329164,339714303.65329164,-23365921.39456566,-23365921.39456566,-23365921.39456566,-23365921.39456566,-23365921.39456566,-23365921.39456566,0.0,0.0,0.0,316348382.258726
190,2016-11-30,339726264.3136517,295718972.20012605,318299226.22146595,339726264.3136517,339726264.3136517,-33130237.30435347,-33130237.30435347,-33130237.30435347,-33130237.30435347,-33130237.30435347,-33130237.30435347,0.0,0.0,0.0,306596027.0092982
191,2016-12-31,339738623.66269034,335515334.03658634,356650613.2654423,339738623.66269034,339738623.66269034,6188313.08686389,6188313.08686389,6188313.08686389,6188313.08686389,6188313.08686389,6188313.08686389,0.0,0.0,0.0,345926936.7495542
192,2017-01-31,339770213.55227375,343878868.97984934,366816989.79415697,339770213.55227375,339770213.55227375,14994642.73896733,14994642.73896733,14994642.73896733,14994642.73896733,14994642.73896733,14994642.73896733,0.0,0.0,0.0,354764856.29124105
193,2017-02-28,339798746.35576844,302179165.8595801,323487406.8310498,339798746.35576844,339798746.35576844,-26771842.737693433,-26771842.737693433,-26771842.737693433,-26771842.737693433,-26771842.737693433,-26771842.737693433,0.0,0.0,0.0,313026903.618075
194,2017-03-31,339830336.2453519,306454839.99636,329009545.3897056,339830336.2453519,339830336.2453519,-22433474.547404766,-22433474.547404766,-22433474.547404766,-22433474.547404766,-22433474.547404766,-22433474.547404766,0.0,0.0,0.0,317396861.69794714
195,2017-04-30,339860907.1062391,285122591.5987856,308179485.5746453,339860907.1062391,339860907.1062391,-43410891.506225765,-43410891.506225765,-43410891.506225765,-43410891.506225765,-43410891.506225765,-43410891.506225765,0.0,0.0,0.0,296450015.6000133
196,2017-05-31,339892496.99582255,313752774.76221335,336604591.9433402,339892496.99582255,339892496.99582255,-14820608.855384298,-14820608.855384298,-14820608.855384298,-14820608.855384298,-14820608.855384298,-14820608.855384298,0.0,0.0,0.0,325071888.14043826
197,2017-06-30,339923067.8567098,350771716.4399247,373703676.82101506,339923067.8567098,339923067.8567098,22860782.628651526,22860782.628651526,22860782.628651526,22860782.628651526,22860782.628651526,22860782.628651526,0.0,0.0,0.0,362783850.4853613
198,2017-07-31,339954657.7462931,391280058.86953855,413207176.96029,339954657.7462931,339954657.7462931,62890825.45017263,62890825.45017263,62890825.45017263,62890825.45017263,62890825.45017263,62890825.45017263,0.0,0.0,0.0,402845483.19646573
199,2017-08-31,339986247.6358766,386787999.85464174,409665770.30485076,339986247.6358766,339986247.6358766,57917918.21812175,57917918.21812175,57917918.21812175,57917918.21812175,57917918.21812175,57917918.21812175,0.0,0.0,0.0,397904165.85399836
200,2017-09-30,340016818.4967638,330784377.9737043,353757632.8900385,340016818.4967638,340016818.4967638,2134739.044558326,2134739.044558326,2134739.044558326,2134739.044558326,2134739.044558326,2134739.044558326,0.0,0.0,0.0,342151557.5413222
201,2017-10-31,340048408.3550995,305431580.8435722,328417580.2509727,340048408.3550995,340048408.3550995,-23618775.298444867,-23618775.298444867,-23618775.298444867,-23618775.298444867,-23618775.298444867,-23618775.298444867,0.0,0.0,0.0,316429633.05665463
202,2017-11-30,340078979.1857469,297028355.40992653,319657654.7712543,340078979.1857469,340078979.1857469,-32140834.187119044,-32140834.187119044,-32140834.187119044,-32140834.187119044,-32140834.187119044,-32140834.187119044,0.0,0.0,0.0,307938144.99862784
203,2017-12-31,340110569.04408264,333104145.376068,355063137.8907356,340110569.04408264,340110569.04408264,3720313.4254600727,3720313.4254600727,3720313.4254600727,3720313.4254600727,3720313.4254600727,3720313.4254600727,0.0,0.0,0.0,343830882.46954274
204,2018-01-31,340142158.9024183,343476978.31241685,366706587.9048884,340142158.9024183,340142158.9024183,14700239.732104614,14700239.732104614,14700239.732104614,14700239.732104614,14700239.732104614,14700239.732104614,0.0,0.0,0.0,354842398.6345229
205,2018-02-28,340170691.67768925,302475978.96956795,325164783.4819565,340170691.67768925,340170691.67768925,-26665682.145327147,-26665682.145327147,-26665682.145327147,-26665682.145327147,-26665682.145327147,-26665682.145327147,0.0,0.0,0.0,313505009.5323621
206,2018-03-31,340202281.5360249,308769385.9515847,331481775.9159988,340202281.5360249,340202281.5360249,-20197506.375427034,-20197506.375427034,-20197506.375427034,-20197506.375427034,-20197506.375427034,-20197506.375427034,0.0,0.0,0.0,320004775.1605979
207,2018-04-30,340232852.36667234,285868384.5435803,308930197.80625224,340232852.36667234,340232852.36667234,-43030312.72979814,-43030312.72979814,-43030312.72979814,-43030312.72979814,-43030312.72979814,-43030312.72979814,0.0,0.0,0.0,297202539.6368742
208,2018-05-31,340264442.2250081,313086591.8021607,336061804.0727362,340264442.2250081,340264442.2250081,-15120964.101527078,-15120964.101527078,-15120964.101527078,-15120964.101527078,-15120964.101527078,-15120964.101527078,0.0,0.0,0.0,325143478.123481
209,2018-06-30,340295013.0556555,349355500.0642562,372270393.98138237,340295013.0556555,340295013.0556555,20022210.14859083,20022210.14859083,20022210.14859083,20022210.14859083,20022210.14859083,20022210.14859083,0.0,0.0,0.0,360317223.2042463
210,2018-07-31,340326602.93959296,390922404.45827997,414146838.73825186,340326602.93959296,340326602.93959296,61929737.50252265,61929737.50252265,61929737.50252265,61929737.50252265,61929737.50252265,61929737.50252265,0.0,0.0,0.0,402256340.4421156
211,2018-08-31,340358192.8235305,389008160.2642104,412087937.0135591,340358192.8235305,340358192.8235305,59825355.35572192,59825355.35572192,59825355.35572192,59825355.35572192,59825355.35572192,59825355.35572192,0.0,0.0,0.0,400183548.1792524
212,2018-09-30,340388763.6789539,332830830.4808476,355517780.4644941,340388763.6789539,340388763.6789539,3656715.5683295587,3656715.5683295587,3656715.5683295587,3656715.5683295587,3656715.5683295587,3656715.5683295587,0.0,0.0,0.0,344045479.24728346
213,2018-10-31,340420353.56289136,305218378.7300402,329091114.32361364,340420353.56289136,340420353.56289136,-23891172.75450774,-23891172.75450774,-23891172.75450774,-23891172.75450774,-23891172.75450774,-23891172.75450774,0.0,0.0,0.0,316529180.80838364
214,2018-11-30,340450924.41831475,298078942.38026625,321040739.13546675,340450924.41831475,340450924.41831475,-31185030.57249899,-31185030.57249899,-31185030.57249899,-31185030.57249899,-31185030.57249899,-31185030.57249899,0.0,0.0,0.0,309265893.8458158
215,2018-12-31,340482514.3022523,330594715.8232645,353093721.62578696,340482514.3022523,340482514.3022523,1226662.34691592,1226662.34691592,1226662.34691592,1226662.34691592,1226662.34691592,1226662.34691592,0.0,0.0,0.0,341709176.6491682
216,2019-01-31,340514104.1861898,343549246.37868655,365902062.63846433,340514104.1861898,340514104.1861898,14429293.31660744,14429293.31660744,14429293.31660744,14429293.31660744,14429293.31660744,14429293.31660744,0.0,0.0,0.0,354943397.5027972
217,2019-02-28,340542636.984585,302542367.40529776,324607937.281493,340542636.984585,340542636.984585,-26506028.10862198,-26506028.10862198,-26506028.10862198,-26506028.10862198,-26506028.10862198,-26506028.10862198,0.0,0.0,0.0,314036608.87596303
218,2019-03-31,340574226.8685225,312280554.2514384,333698481.50010884,340574226.8685225,340574226.8685225,-17959398.229418512,-17959398.229418512,-17959398.229418512,-17959398.229418512,-17959398.229418512,-17959398.229418512,0.0,0.0,0.0,322614828.639104
219,2019-04-30,340604797.70386654,286359256.03437144,309649875.30214864,340604797.70386654,340604797.70386654,-42689779.56347865,-42689779.56347865,-42689779.56347865,-42689779.56347865,-42689779.56347865,-42689779.56347865,0.0,0.0,0.0,297915018.1403879
220,2019-05-31,340636387.5670553,313288171.3646631,335898865.7066844,340636387.5670553,340636387.5670553,-15476227.556940975,-15476227.556940975,-15476227.556940975,-15476227.556940975,-15476227.556940975,-15476227.556940975,0.0,0.0,0.0,325160160.0101143
221,2019-06-30,340666958.4023993,346649182.9699666,369418788.8196739,340666958.4023993,340666958.4023993,17184057.31813025,17184057.31813025,17184057.31813025,17184057.31813025,17184057.31813025,17184057.31813025,0.0,0.0,0.0,357851015.72052956
222,2019-07-31,340698548.2655881,389957545.99440736,413515295.8910921,340698548.2655881,340698548.2655881,61032692.878038384,61032692.878038384,61032692.878038384,61032692.878038384,61032692.878038384,61032692.878038384,0.0,0.0,0.0,401731241.1436265
223,2019-08-31,340730138.1287769,391328756.4802391,414005907.289654,340730138.1287769,340730138.1287769,61769158.22341229,61769158.22341229,61769158.22341229,61769158.22341229,61769158.22341229,61769158.22341229,0.0,0.0,0.0,402499296.3521892
224,2019-09-30,340760708.9641209,334135720.7293909,357489875.67490214,340760708.9641209,340760708.9641209,5160847.399226139,5160847.399226139,5160847.399226139,5160847.399226139,5160847.399226139,5160847.399226139,0.0,0.0,0.0,345921556.36334705
225,2019-10-31,340792298.8273097,304869993.8872927,327157311.52644074,340792298.8273097,340792298.8273097,-24183353.438636906,-24183353.438636906,-24183353.438636906,-24183353.438636906,-24183353.438636906,-24183353.438636906,0.0,0.0,0.0,316608945.3886728
226,2019-11-30,340822869.66265374,299225173.9636779,321705952.0803163,340822869.66265374,340822869.66265374,-30263270.599437483,-30263270.599437483,-30263270.599437483,-30263270.599437483,-30263270.599437483,-30263270.599437483,0.0,0.0,0.0,310559599.06321627
227,2019-12-31,340854459.52584255,328147619.59891427,350660654.3279932,340854459.52584255,340854459.52584255,-1290060.6074472952,-1290060.6074472952,-1290060.6074472952,-1290060.6074472952,-1290060.6074472952,-1290060.6074472952,0.0,0.0,0.0,339564398.9183953
228,2020-01-31,341112624.2180812,343906629.18079615,366900264.7138661,341112624.2180812,341112624.2180812,14183177.399471043,14183177.399471043,14183177.399471043,14183177.399471043,14183177.399471043,14183177.399471043,0.0,0.0,0.0,355295801.6175522
229,2020-02-29,341354133.1237238,303493492.65112805,325650049.4710494,341354133.1237238,341354133.1237238,-26823927.700328805,-26823927.700328805,-26823927.700328805,-26823927.700328805,-26823927.700328805,-26823927.700328805,0.0,0.0,0.0,314530205.423395
230,2020-03-31,341612297.81596243,305241773.9452829,328416260.9652344,341612297.81596243,341612297.81596243,-24664499.32273306,-24664499.32273306,-24664499.32273306,-24664499.32273306,-24664499.32273306,-24664499.32273306,0.0,0.0,0.0,316947798.4932294
231,2020-04-30,341862134.6149031,286685590.3392731,309606382.4709154,341862134.6149031,341862134.6149031,-43830498.20319162,-43830498.20319162,-43830498.20319162,-43830498.20319162,-43830498.20319162,-43830498.20319162,0.0,0.0,0.0,298031636.41171145
232,2020-05-31,342120299.3071417,316235108.993548,338368862.4808237,342120299.3071417,342120299.3071417,-14575740.529778026,-14575740.529778026,-14575740.529778026,-14575740.529778026,-14575740.529778026,-14575740.529778026,0.0,0.0,0.0,327544558.7773637
233,2020-06-30,342370136.1060823,356227731.36971563,379235924.40441763,342370136.1060823,342370136.1060823,25696487.119895615,25696487.119895615,25696487.119895615,25696487.119895615,25696487.119895615,25696487.119895615,0.0,0.0,0.0,368066623.22597796
234,2020-07-31,342628300.79832095,395391690.19887656,418307060.34390956,342628300.79832095,342628300.79832095,63914756.97018864,63914756.97018864,63914756.97018864,63914756.97018864,63914756.97018864,63914756.97018864,0.0,0.0,0.0,406543057.76850957
235,2020-08-31,342886465.49055964,387874112.5798072,410728647.16429204,342886465.49055964,342886465.49055964,56048801.9624249,56048801.9624249,56048801.9624249,56048801.9624249,56048801.9624249,56048801.9624249,0.0,0.0,0.0,398935267.4529845
236,2020-09-30,343136302.28950024,332207745.60529125,354888753.1940633,343136302.28950024,343136302.28950024,596739.6825938625,596739.6825938625,596739.6825938625,596739.6825938625,596739.6825938625,596739.6825938625,0.0,0.0,0.0,343733041.9720941
237,2020-10-31,343394466.9817389,308187815.40446246,330791854.38703257,343394466.9817389,343394466.9817389,-23365921.394579075,-23365921.394579075,-23365921.394579075,-23365921.394579075,-23365921.394579075,-23365921.394579075,0.0,0.0,0.0,320028545.5871599
238,2020-11-30,343644303.78067946,298911997.01621526,321357450.7663779,343644303.78067946,343644303.78067946,-33130237.30435806,-33130237.30435806,-33130237.30435806,-33130237.30435806,-33130237.30435806,-33130237.30435806,0.0,0.0,0.0,310514066.4763214
239,2020-12-31,343902468.47291815,338555647.1954696,361648201.8075055,343902468.47291815,343902468.47291815,6188313.086846042,6188313.086846042,6188313.086846042,6188313.086846042,6188313.086846042,6188313.086846042,0.0,0.0,0.0,350090781.5597642
240,2021-01-31,344160633.1651568,349272776.4587461,370699614.07938814,344160633.1651568,344160633.1651568,14994642.738957698,14994642.738957698,14994642.738957698,14994642.738957698,14994642.738957698,14994642.738957698,0.0,0.0,0.0,359155275.9041145
241,2021-02-28,344393814.1775014,306087389.6579658,328503148.6388409,344393814.1775014,344393814.1775014,-26771842.737690583,-26771842.737690583,-26771842.737690583,-26771842.737690583,-26771842.737690583,-26771842.737690583,0.0,0.0,0.0,317621971.4398108
242,2021-03-31,344651978.86974,310649071.326702,332891675.1443009,344651978.86974,344651978.86974,-22433474.547406185,-22433474.547406185,-22433474.547406185,-22433474.547406185,-22433474.547406185,-22433474.547406185,0.0,0.0,0.0,322218504.3223338
243,2021-04-30,344901815.66868067,288615230.19427484,312698541.03408235,344901815.66868067,344901815.66868067,-43410891.50623726,-43410891.50623726,-43410891.50623726,-43410891.50623726,-43410891.50623726,-43410891.50623726,0.0,0.0,0.0,301490924.1624434
244,2021-05-31,345159980.3609193,319419863.71107846,341335522.03209543,345159980.3609193,345159980.3609193,-14820608.855384173,-14820608.855384173,-14820608.855384173,-14820608.855384173,-14820608.855384173,-14820608.855384173,0.0,0.0,0.0,330339371.5055351
245,2021-06-30,345409817.1598599,356718360.89413303,378950846.16568094,345409817.1598599,345409817.1598599,22860782.6286294,22860782.6286294,22860782.6286294,22860782.6286294,22860782.6286294,22860782.6286294,0.0,0.0,0.0,368270599.7884893
246,2021-07-31,345667981.8520986,396919614.8548374,420449723.322929,345667981.8520986,345667981.8520986,62890825.45017513,62890825.45017513,62890825.45017513,62890825.45017513,62890825.45017513,62890825.45017513,0.0,0.0,0.0,408558807.3022737
247,2021-08-31,345926146.54433715,392625330.1199715,415032890.0762027,345926146.54433715,345926146.54433715,57917918.21810658,57917918.21810658,57917918.21810658,57917918.21810658,57917918.21810658,57917918.21810658,0.0,0.0,0.0,403844064.7624437
248,2021-09-30,346175983.3432778,337416244.26974005,360105240.63898176,346175983.3432778,346175983.3432778,2134739.0445428384,2134739.0445428384,2134739.0445428384,2134739.0445428384,2134739.0445428384,2134739.0445428384,0.0,0.0,0.0,348310722.38782066
249,2021-10-31,346434148.03551644,311934653.6857426,333825714.427136,346434148.03551644,346434148.03551644,-23618775.29845464,-23618775.29845464,-23618775.29845464,-23618775.29845464,-23618775.29845464,-23618775.29845464,0.0,0.0,0.0,322815372.7370618
250,2021-11-30,346683984.8344571,302522046.2558074,325042718.394438,346683984.8344571,346683984.8344571,-32140834.18712521,-32140834.18712521,-32140834.18712521,-32140834.18712521,-32140834.18712521,-32140834.18712521,0.0,0.0,0.0,314543150.6473319
251,2021-12-31,346942149.5266957,338805204.0976289,362573400.0606183,346942149.5266957,346942149.5266957,3720313.4254838396,3720313.4254838396,3720313.4254838396,3720313.4254838396,3720313.4254838396,3720313.4254838396,0.0,0.0,0.0,350662462.95217955
252,2022-01-31,347200314.21893436,350828136.7710401,372938016.29057705,347200314.21893436,347200314.21893436,14700239.732100442,14700239.732100442,14700239.732100442,14700239.732100442,14700239.732100442,14700239.732100442,0.0,0.0,0.0,361900553.9510348
253,2022-02-28,347433495.23127896,309122414.96589357,333076303.45383406,347433495.23127896,347433495.23127896,-26665682.14532801,-26665682.14532801,-26665682.14532801,-26665682.14532801,-26665682.14532801,-26665682.14532801,0.0,0.0,0.0,320767813.085951
254,2022-03-31,347691659.92351764,316183816.5401621,338730059.2939766,347691659.92351764,347691659.92351764,-20197506.37542449,-20197506.37542449,-20197506.37542449,-20197506.37542449,-20197506.37542449,-20197506.37542449,0.0,0.0,0.0,327494153.54809314
255,2022-04-30,347941496.72245824,294201981.25400704,316433597.4224901,347941496.72245824,347941496.72245824,-43030312.729796745,-43030312.729796745,-43030312.729796745,-43030312.729796745,-43030312.729796745,-43030312.729796745,0.0,0.0,0.0,304911183.9926615
256,2022-05-31,348199661.4146969,321961465.0271858,344701536.48791164,348199661.4146969,348199661.4146969,-15120964.101539837,-15120964.101539837,-15120964.101539837,-15120964.101539837,-15120964.101539837,-15120964.101539837,0.0,0.0,0.0,333078697.313157
257,2022-06-30,348449498.21363753,357013509.8055338,379764799.187854,348449498.21363753,348449498.21363753,20022210.148575474,20022210.148575474,20022210.148575474,20022210.148575474,20022210.148575474,20022210.148575474,0.0,0.0,0.0,368471708.362213
258,2022-07-31,348707662.9058761,399385501.10060704,422474674.3045296,348707662.9058761,348707662.9058761,61929737.50252469,61929737.50252469,61929737.50252469,61929737.50252469,61929737.50252469,61929737.50252469,0.0,0.0,0.0,410637400.4084008
259,2022-08-31,348965827.5981148,397686453.39619833,419594391.9898807,348965827.5981148,348965827.5981148,59825355.35571864,59825355.35571864,59825355.35571864,59825355.35571864,59825355.35571864,59825355.35571864,0.0,0.0,0.0,408791182.95383346
260,2022-09-30,349215664.3970554,341135501.7118282,364441579.4544293,349215664.3970554,349215664.3970554,3656715.568347643,3656715.568347643,3656715.568347643,3656715.568347643,3656715.568347643,3656715.568347643,0.0,0.0,0.0,352872379.965403
261,2022-10-31,349473829.089294,314408111.74287546,336283942.8870605,349473829.089294,349473829.089294,-23891172.75451022,-23891172.75451022,-23891172.75451022,-23891172.75451022,-23891172.75451022,-23891172.75451022,0.0,0.0,0.0,325582656.3347838
262,2022-11-30,349723665.8882347,307204452.80528456,329371684.0004027,349723665.8882347,349723665.8882347,-31185030.57250912,-31185030.57250912,-31185030.57250912,-31185030.57250912,-31185030.57250912,-31185030.57250912,0.0,0.0,0.0,318538635.31572556
263,2022-12-31,349981830.5804733,339497481.8602849,362307496.10654855,349981830.5804733,349981830.5804733,1226662.3469017504,1226662.3469017504,1226662.3469017504,1226662.3469017504,1226662.3469017504,1226662.3469017504,0.0,0.0,0.0,351208492.9273751
264,2023-01-31,350239995.27271193,353967357.5436786,375523702.8143423,350239995.27271193,350239995.27271193,14429293.31660446,14429293.31660446,14429293.31660446,14429293.31660446,14429293.31660446,14429293.31660446,0.0,0.0,0.0,364669288.58931637
265,2023-02-28,350473176.2850566,313310246.7390273,334794754.0952168,350473176.2850566,350473176.2850566,-26506028.108611945,-26506028.108611945,-26506028.108611945,-26506028.108611945,-26506028.108611945,-26506028.108611945,0.0,0.0,0.0,323967148.17644465
266,2023-03-31,350731340.9772952,321915340.52238613,343214909.6773658,350731340.9772952,350731340.9772952,-17959398.229390174,-17959398.229390174,-17959398.229390174,-17959398.229390174,-17959398.229390174,-17959398.229390174,0.0,0.0,0.0,332771942.747905
267,2023-04-30,350981177.7762358,297050573.129167,319397020.29900837,350981177.7762358,350981177.7762358,-42689779.56347085,-42689779.56347085,-42689779.56347085,-42689779.56347085,-42689779.56347085,-42689779.56347085,0.0,0.0,0.0,308291398.212765
268,2023-05-31,351239342.4684745,325215797.4071004,346829870.02234405,351239342.4684745,351239342.4684745,-15476227.55693953,-15476227.55693953,-15476227.55693953,-15476227.55693953,-15476227.55693953,-15476227.55693953,0.0,0.0,0.0,335763114.91153497
269,2023-06-30,351489179.26741505,357816662.4873486,381300219.2132298,351489179.26741505,351489179.26741505,17184057.31809864,17184057.31809864,17184057.31809864,17184057.31809864,17184057.31809864,17184057.31809864,0.0,0.0,0.0,368673236.5855137
270,2023-07-31,351747343.95965374,401743984.5766486,423550574.78495216,351747343.95965374,351747343.95965374,61032692.87803797,61032692.87803797,61032692.87803797,61032692.87803797,61032692.87803797,61032692.87803797,0.0,0.0,0.0,412780036.8376917
271,2023-08-31,352005508.65189236,402304862.5560582,424562093.87673795,352005508.65189236,352005508.65189236,61769158.223429486,61769158.223429486,61769158.223429486,61769158.223429486,61769158.223429486,61769158.223429486,0.0,0.0,0.0,413774666.87532187
272,2023-09-30,352255345.450833,345903942.78546536,368664489.3926,352255345.450833,352255345.450833,5160847.399241895,5160847.399241895,5160847.399241895,5160847.399241895,5160847.399241895,5160847.399241895,0.0,0.0,0.0,357416192.85007495
273,2023-10-31,352513510.14307165,317096372.5550778,339334845.6469555,352513510.14307165,352513510.14307165,-24183353.43864182,-24183353.43864182,-24183353.43864182,-24183353.43864182,-24183353.43864182,-24183353.43864182,0.0,0.0,0.0,328330156.7044298
274,2023-11-30,352763346.94201225,311132270.47963625,333947811.192382,352763346.94201225,352763346.94201225,-30263270.599439945,-30263270.599439945,-30263270.599439945,-30263270.599439945,-30263270.599439945,-30263270.599439945,0.0,0.0,0.0,322500076.34257233
275,2023-12-31,353021511.6342509,341763313.432018,363105704.4039626,353021511.6342509,353021511.6342509,-1290060.607454997,-1290060.607454997,-1290060.607454997,-1290060.607454997,-1290060.607454997,-1290060.607454997,0.0,0.0,0.0,351731451.02679586
276,2024-01-31,353279676.32648957,356393833.37672967,379487132.7357921,353279676.32648957,353279676.32648957,14183177.39948269,14183177.39948269,14183177.39948269,14183177.39948269,14183177.39948269,14183177.39948269,0.0,0.0,0.0,367462853.72597224
277,2024-02-29,353521185.23213214,315581236.30140847,338061929.4280727,353521185.23213214,353521185.23213214,-26823927.70032725,-26823927.70032725,-26823927.70032725,-26823927.70032725,-26823927.70032725,-26823927.70032725,0.0,0.0,0.0,326697257.53180486
278,2024-03-31,353779349.9243708,317831619.9897672,340488763.8593694,353779349.9243708,353779349.9243708,-24664499.322719034,-24664499.322719034,-24664499.322719034,-24664499.322719034,-24664499.322719034,-24664499.322719034,0.0,0.0,0.0,329114850.6016518
279,2024-04-30,354029186.7233114,299675026.8692531,322082054.22259104,354029186.7233114,354029186.7233114,-43830498.20319172,-43830498.20319172,-43830498.20319172,-43830498.20319172,-43830498.20319172,-43830498.20319172,0.0,0.0,0.0,310198688.5201197
280,2024-05-31,354287351.4155501,329230657.0624871,351651658.610844,354287351.4155501,354287351.4155501,-14575740.52978692,-14575740.52978692,-14575740.52978692,-14575740.52978692,-14575740.52978692,-14575740.52978692,0.0,0.0,0.0,339711610.88576317
281,2024-06-30,354537188.2144907,368497871.4970738,391798134.8195162,354537188.2144907,354537188.2144907,25696487.119882133,25696487.119882133,25696487.119882133,25696487.119882133,25696487.119882133,25696487.119882133,0.0,0.0,0.0,380233675.3343728
282,2024-07-31,354795352.90672934,407214574.1413951,429837243.30006915,354795352.90672934,354795352.90672934,63914756.97017695,63914756.97017695,63914756.97017695,63914756.97017695,63914756.97017695,63914756.97017695,0.0,0.0,0.0,418710109.8769063
283,2024-08-31,355053517.598968,400068864.3035063,422420044.0458906,355053517.598968,355053517.598968,56048801.96242764,56048801.96242764,56048801.96242764,56048801.96242764,56048801.96242764,56048801.96242764,0.0,0.0,0.0,411102319.56139565
284,2024-09-30,355303354.39790857,345439578.8628951,366901556.6164497,355303354.39790857,355303354.39790857,596739.682580748,596739.682580748,596739.682580748,596739.682580748,596739.682580748,596739.682580748,0.0,0.0,0.0,355900094.08048934
285,2024-10-31,355561519.09014726,320601966.1529372,343422946.7967861,355561519.09014726,355561519.09014726,-23365921.39456624,-23365921.39456624,-23365921.39456624,-23365921.39456624,-23365921.39456624,-23365921.39456624,0.0,0.0,0.0,332195597.695581
286,2024-11-30,355811355.88908786,310992892.5060887,333966270.70208275,355811355.88908786,355811355.88908786,-33130237.30436065,-33130237.30436065,-33130237.30436065,-33130237.30436065,-33130237.30436065,-33130237.30436065,0.0,0.0,0.0,322681118.5847272
287,2024-12-31,356069520.5813265,350621617.1190099,373370856.3705195,356063771.8056757,356074702.9720824,6188313.086866583,6188313.086866583,6188313.086866583,6188313.086866583,6188313.086866583,6188313.086866583,0.0,0.0,0.0,362257833.66819304
288,2025-01-31,356327685.2735652,360441001.8506157,383120498.3815656,356307635.48430884,356344125.2271997,14994642.738969468,14994642.738969468,14994642.738969468,14994642.738969468,14994642.738969468,14994642.738969468,0.0,0.0,0.0,371322328.0125346
289,2025-02-28,356560866.2859098,318395690.0658863,341347064.676609,356517232.71294034,356593586.42388153,-26771842.73768392,-26771842.73768392,-26771842.73768392,-26771842.73768392,-26771842.73768392,-26771842.73768392,0.0,0.0,0.0,329789023.5482259
290,2025-03-31,356819030.9781484,322691672.348001,345502353.07921624,356745702.9659442,356872649.88001764,-22433474.547416773,-22433474.547416773,-22433474.547416773,-22433474.547416773,-22433474.547416773,-22433474.547416773,0.0,0.0,0.0,334385556.43073165
291,2025-04-30,357068867.777089,301463820.73053086,325037170.9005208,356956249.1200187,357157532.98598677,-43410891.50623198,-43410891.50623198,-43410891.50623198,-43410891.50623198,-43410891.50623198,-43410891.50623198,0.0,0.0,0.0,313657976.27085704
292,2025-05-31,357327032.4693277,331445672.98979694,353473150.306002,357176818.6204854,357440380.32034105,-14820608.855393428,-14820608.855393428,-14820608.855393428,-14820608.855393428,-14820608.855393428,-14820608.855393428,0.0,0.0,0.0,342506423.6139343
293,2025-06-30,357576869.2682683,368848580.15248513,392033709.3066855,357386277.1358207,357718779.00182945,22860782.628640916,22860782.628640916,22860782.628640916,22860782.628640916,22860782.628640916,22860782.628640916,0.0,0.0,0.0,380437651.8969092
294,2025-07-31,357835033.960507,409584299.66427505,432382091.3495829,357608096.8070252,358012939.8220418,62890825.45018423,62890825.45018423,62890825.45018423,62890825.45018423,62890825.45018423,62890825.45018423,0.0,0.0,0.0,420725859.4106912
295,2025-08-31,358093198.6527456,403420118.61088324,426816332.68570673,357820721.9591817,358305472.7972764,57917918.218122095,57917918.218122095,57917918.218122095,57917918.218122095,57917918.218122095,57917918.218122095,0.0,0.0,0.0,416011116.8708677
296,2025-09-30,358343035.4516862,349642826.34915525,371561907.9935095,358022455.7133191,358591393.81925434,2134739.0445488305,2134739.0445488305,2134739.0445488305,2134739.0445488305,2134739.0445488305,2134739.0445488305,0.0,0.0,0.0,360477774.496235
297,2025-10-31,358601200.1439249,323409780.99354243,345808586.92234236,358239945.06828475,358884765.9927023,-23618775.298453894,-23618775.298453894,-23618775.298453894,-23618775.298453894,-23618775.298453894,-23618775.298453894,0.0,0.0,0.0,334982424.845471
298,2025-11-30,358851036.94286543,315654709.5141775,337312406.99538594,358437398.9876031,359184191.49268305,-32140834.187121816,-32140834.187121816,-32140834.187121816,-32140834.187121816,-32140834.187121816,-32140834.187121816,0.0,0.0,0.0,326710202.7557436
299,2025-12-31,359109201.6351041,350965182.98556465,374176019.6924506,358648487.8537568,359493701.72841203,3720313.4254639465,3720313.4254639465,3720313.4254639465,3720313.4254639465,3720313.4254639465,3720313.4254639465,0.0,0.0,0.0,362829515.0605681
300,2026-01-31,359367366.3273428,362680500.9204644,385072987.5472917,358865440.07483965,359799446.907352,14700239.732097983,14700239.732097983,14700239.732097983,14700239.732097983,14700239.732097983,14700239.732097983,0.0,0.0,0.0,374067606.0594408
301,2026-02-28,359600547.33968735,322219464.8400479,343830673.8278275,359040772.19027126,360076659.2077313,-26665682.145321358,-26665682.145321358,-26665682.145321358,-26665682.145321358,-26665682.145321358,-26665682.145321358,0.0,0.0,0.0,332934865.194366
302,2026-03-31,359858712.031926,328007462.09781027,351181762.60834336,359250213.9770984,360391530.28191143,-20197506.375415392,-20197506.375415392,-20197506.375415392,-20197506.375415392,-20197506.375415392,-20197506.375415392,0.0,0.0,0.0,339661205.6565106
303,2026-04-30,360108548.83086663,305327940.51788574,328633951.033779,359437504.8418941,360688988.44979525,-43030312.72980242,-43030312.72980242,-43030312.72980242,-43030312.72980242,-43030312.72980242,-43030312.72980242,0.0,0.0,0.0,317078236.1010642
304,2026-05-31,360366713.52310526,333328493.3522489,355448153.952579,359635334.2457476,361011423.0032749,-15120964.101539487,-15120964.101539487,-15120964.101539487,-15120964.101539487,-15120964.101539487,-15120964.101539487,0.0,0.0,0.0,345245749.4215658
305,2026-06-30,360616550.3220459,370077897.36414427,391983884.40499115,359816166.37379295,361327103.23469836,20022210.148586355,20022210.148586355,20022210.148586355,20022210.148586355,20022210.148586355,20022210.148586355,0.0,0.0,0.0,380638760.47063226
306,2026-07-31,360874715.0142845,411146291.3589064,434688896.6373601,360019541.93023396,361648765.6197717,61929737.50251185,61929737.50251185,61929737.50251185,61929737.50251185,61929737.50251185,61929737.50251185,0.0,0.0,0.0,422804452.51679635
307,2026-08-31,361132879.7065232,409940575.61894995,432582141.4016474,360216563.7638724,361979372.3373938,59825355.35572312,59825355.35572312,59825355.35572312,59825355.35572312,59825355.35572312,59825355.35572312,0.0,0.0,0.0,420958235.0622463
308,2026-09-30,361382716.5054638,353627444.68819106,376275441.5976018,360411190.72280824,362303813.7770858,3656715.568346713,3656715.568346713,3656715.568346713,3656715.568346713,3656715.568346713,3656715.568346713,0.0,0.0,0.0,365039432.0738105
309,2026-10-31,361640881.19770247,325667432.4827991,349179492.4065211,360617027.69760424,362624401.37258035,-23891172.75450404,-23891172.75450404,-23891172.75450404,-23891172.75450404,-23891172.75450404,-23891172.75450404,0.0,0.0,0.0,337749708.44319844
310,2026-11-30,361890717.99664307,318882624.91636574,341898811.60495996,360815262.4537018,362925577.09343344,-31185030.572494008,-31185030.572494008,-31185030.572494008,-31185030.572494008,-31185030.572494008,-31185030.572494008,0.0,0.0,0.0,330705687.42414904
311,2026-12-31,362148882.68888175,352117485.76607233,374523552.93328,361024790.30130273,363227340.136618,1226662.3469150506,1226662.3469150506,1226662.3469150506,1226662.3469150506,1226662.3469150506,1226662.3469150506,0.0,0.0,0.0,363375545.0357968
312,2027-01-31,362407047.3811203,365971238.4621437,387796832.5962089,361225164.32678866,363560989.346084,14429293.316605698,14429293.316605698,14429293.316605698,14429293.316605698,14429293.316605698,14429293.316605698,0.0,0.0,0.0,376836340.697726
313,2027-02-28,362640228.3934649,325197034.3978988,347488846.77948135,361402631.04209495,363858570.810903,-26506028.108624205,-26506028.108624205,-26506028.108624205,-26506028.108624205,-26506028.108624205,-26506028.108624205,0.0,0.0,0.0,336134200.2848407
314,2027-03-31,362898393.08570355,332863451.0684587,356837289.65356666,361608384.35171425,364169327.885187,-17959398.229413703,-17959398.229413703,-17959398.229413703,-17959398.229413703,-17959398.229413703,-17959398.229413703,0.0,0.0,0.0,344938994.85628986
315,2027-04-30,363148229.8846442,308890266.23813325,331402069.2196831,361764871.43597156,364478851.55909085,-42689779.56347293,-42689779.56347293,-42689779.56347293,-42689779.56347293,-42689779.56347293,-42689779.56347293,0.0,0.0,0.0,320458450.3211713
316,2027-05-31,363406394.57688284,336675033.6815378,359820640.2208553,361965266.4735943,364806934.4486969,-15476227.556939486,-15476227.556939486,-15476227.556939486,-15476227.556939486,-15476227.556939486,-15476227.556939486,0.0,0.0,0.0,347930167.01994336
317,2027-06-30,363656231.37582344,368890194.37822413,393217641.6049852,362147024.41815203,365129601.5674451,17184057.318132326,17184057.318132326,17184057.318132326,17184057.318132326,17184057.318132326,17184057.318132326,0.0,0.0,0.0,380840288.6939558
318,2027-07-31,363914396.0680621,413691900.80994225,436965879.911881,362312684.41690725,365476770.4311128,61032692.87803438,61032692.87803438,61032692.87803438,61032692.87803438,61032692.87803438,61032692.87803438,0.0,0.0,0.0,424947088.94609654
319,2027-08-31,364172560.7603007,413735488.21521616,437661556.8160569,362495253.1738219,365785358.2387564,61769158.2234143,61769158.2234143,61769158.2234143,61769158.2234143,61769158.2234143,61769158.2234143,0.0,0.0,0.0,425941718.983715
320,2027-09-30,364422397.55924135,358264687.998053,381308300.19251764,362664701.6290208,366115875.071069,5160847.399236187,5160847.399236187,5160847.399236187,5160847.399236187,5160847.399236187,5160847.399236187,0.0,0.0,0.0,369583244.95847756
321,2027-10-31,364680562.25148,330087334.81218994,351039770.4610127,362829914.12400293,366420700.8643275,-24183353.438636024,-24183353.438636024,-24183353.438636024,-24183353.438636024,-24183353.438636024,-24183353.438636024,0.0,0.0,0.0,340497208.812844
322,2027-11-30,364930399.05042064,322803767.24673444,345635103.24629086,362969396.55567545,366746124.73706305,-30263270.59944038,-30263270.59944038,-30263270.59944038,-30263270.59944038,-30263270.59944038,-30263270.59944038,0.0,0.0,0.0,334667128.45098025
323,2027-12-31,365188563.7426593,352571372.8877949,375825663.54735947,363152701.5694072,367058656.6861574,-1290060.6074473173,-1290060.6074473173,-1290060.6074473173,-1290060.6074473173,-1290060.6074473173,-1290060.6074473173,0.0,0.0,0.0,363898503.13521194
324,2028-01-31,365446728.4348979,367648993.40515935,391444079.25380826,363294869.3980566,367463822.63486177,14183177.399470787,14183177.399470787,14183177.399470787,14183177.399470787,14183177.399470787,14183177.399470787,0.0,0.0,0.0,379629905.8343687
325,2028-02-29,365688237.3405405,327699657.58095914,350451725.85608405,363466792.0319758,367798928.20656765,-26823927.700345553,-26823927.700345553,-26823927.700345553,-26823927.700345553,-26823927.700345553,-26823927.700345553,0.0,0.0,0.0,338864309.64019495
326,2028-03-31,365946402.03277916,330021350.7866253,353318375.99666846,363618548.58757657,368120609.52861595,-24664499.322732754,-24664499.322732754,-24664499.322732754,-24664499.322732754,-24664499.322732754,-24664499.322732754,0.0,0.0,0.0,341281902.7100464
327,2028-04-30,366196238.8317198,310395777.55846506,333496536.8567057,363761069.3371899,368428497.8972249,-43830498.203183144,-43830498.203183144,-43830498.203183144,-43830498.203183144,-43830498.203183144,-43830498.203183144,0.0,0.0,0.0,322365740.6285367
328,2028-05-31,366454403.52395844,340262968.6667033,362526273.40881014,363930455.41396224,368778179.2467479,-14575740.52979718,-14575740.52979718,-14575740.52979718,-14575740.52979718,-14575740.52979718,-14575740.52979718,0.0,0.0,0.0,351878662.99416125
329,2028-06-30,366704240.3228991,380963490.6788791,404584286.77865016,364110635.379067,369106846.15003705,25696487.11990415,25696487.11990415,25696487.11990415,25696487.11990415,25696487.11990415,25696487.11990415,0.0,0.0,0.0,392400727.44280326
330,2028-07-31,366962405.01513773,418865230.14202976,443284650.0494828,364293928.54966396,369466665.6760969,63914756.97018432,63914756.97018432,63914756.97018432,63914756.97018432,63914756.97018432,63914756.97018432,0.0,0.0,0.0,430877161.98532206
331,2028-08-31,367220569.70737636,412409449.2009316,434916109.716541,364455437.8627223,369798967.73235995,56048801.96241546,56048801.96241546,56048801.96241546,56048801.96241546,56048801.96241546,56048801.96241546,0.0,0.0,0.0,423269371.6697918
332,2028-09-30,367470406.50631696,355845158.8554168,379795590.59077656,364634576.2354198,370104681.952912,596739.6826036716,596739.6826036716,596739.6826036716,596739.6826036716,596739.6826036716,596739.6826036716,0.0,0.0,0.0,368067146.1889206
333,2028-10-31,367728571.19855565,332972246.08647615,356080994.9906232,364765070.500348,370461432.8368699,-23365921.394563414,-23365921.394563414,-23365921.394563414,-23365921.394563414,-23365921.394563414,-23365921.394563414,0.0,0.0,0.0,344362649.8039922
334,2028-11-30,367978407.99749625,322719207.49378747,345858474.8384427,364883816.8268081,370786289.169618,-33130237.3043629,-33130237.3043629,-33130237.3043629,-33130237.3043629,-33130237.3043629,-33130237.3043629,0.0,0.0,0.0,334848170.69313335
335,2028-12-31,368236572.68973494,362994063.66463965,386812614.9613454,365022466.9458401,371135512.10156393,6188313.086874623,6188313.086874623,6188313.086874623,6188313.086874623,6188313.086874623,6188313.086874623,0.0,0.0,0.0,374424885.77660954
336,2029-01-31,368494737.3819735,371973171.8851138,395311394.7224463,365169560.8953043,371440130.8556775,14994642.738978386,14994642.738978386,14994642.738978386,14994642.738978386,14994642.738978386,14994642.738978386,0.0,0.0,0.0,383489380.1209519
337,2029-02-28,368727918.3943181,330521898.7856693,354404093.06843996,365306538.0862729,371735271.28175014,-26771842.737696305,-26771842.737696305,-26771842.737696305,-26771842.737696305,-26771842.737696305,-26771842.737696305,0.0,0.0,0.0,341956075.6566218
338,2029-03-31,368986083.0865568,334437826.3009284,358340012.59956867,365504125.44865084,372078549.2065745,-22433474.547391057,-22433474.547391057,-22433474.547391057,-22433474.547391057,-22433474.547391057,-22433474.547391057,0.0,0.0,0.0,346552608.53916574
339,2029-04-30,369235919.8854974,314518356.8206568,337727539.9945148,365629550.85966635,372487776.2593527,-43410891.50622071,-43410891.50622071,-43410891.50622071,-43410891.50622071,-43410891.50622071,-43410891.50622071,0.0,0.0,0.0,325825028.3792767
340,2029-05-31,369494084.577736,341838619.0790502,366372053.83263505,365791316.6497808,372888699.11149687,-14820608.855380772,-14820608.855380772,-14820608.855380772,-14820608.855380772,-14820608.855380772,-14820608.855380772,0.0,0.0,0.0,354673475.72235525
341,2029-06-30,369743921.3766766,380557440.05355513,403947306.8759305,365988536.6424435,373267953.8438717,22860782.628623843,22860782.628623843,22860782.628623843,22860782.628623843,22860782.628623843,22860782.628623843,0.0,0.0,0.0,392604704.00530046
342,2029-07-31,370002086.0689153,420814934.68894655,444342951.6548208,366142316.9393506,373651047.9450344,62890825.450176865,62890825.450176865,62890825.450176865,62890825.450176865,62890825.450176865,62890825.450176865,0.0,0.0,0.0,432892911.5190922
343,2029-08-31,370260250.76115394,416005812.79203856,440273121.72900295,366314446.82967114,373989259.4670298,57917918.21813501,57917918.21813501,57917918.21813501,57917918.21813501,57917918.21813501,57917918.21813501,0.0,0.0,0.0,428178168.97928894
344,2029-09-30,370510087.5600946,360851624.81624246,384722136.70576274,366470864.5455437,374311477.376174,2134739.0445383424,2134739.0445383424,2134739.0445383424,2134739.0445383424,2134739.0445383424,2134739.0445383424,0.0,0.0,0.0,372644826.6046329
